macro,name,source_url
SWITCH_IGNORE_DISPLAY_UPDATES_VARIABLE,ignore_display_updates,https://github.com/signalwire/freeswitch/blob/ef32e205295e29f034f1453ad245ba5efb07b94a/src/include/switch_types.h#L127
SWITCH_AUDIO_SPOOL_PATH_VARIABLE,audio_spool_path,https://github.com/signalwire/freeswitch/blob/ef32e205295e29f034f1453ad245ba5efb07b94a/src/include/switch_types.h#L128
SWITCH_BRIDGE_HANGUP_CAUSE_VARIABLE,bridge_hangup_cause,https://github.com/signalwire/freeswitch/blob/ef32e205295e29f034f1453ad245ba5efb07b94a/src/include/switch_types.h#L129
SWITCH_READ_TERMINATOR_USED_VARIABLE,read_terminator_used,https://github.com/signalwire/freeswitch/blob/ef32e205295e29f034f1453ad245ba5efb07b94a/src/include/switch_types.h#L130
SWITCH_SEND_SILENCE_WHEN_IDLE_VARIABLE,send_silence_when_idle,https://github.com/signalwire/freeswitch/blob/ef32e205295e29f034f1453ad245ba5efb07b94a/src/include/switch_types.h#L131
SWITCH_CURRENT_APPLICATION_VARIABLE,current_application,https://github.com/signalwire/freeswitch/blob/ef32e205295e29f034f1453ad245ba5efb07b94a/src/include/switch_types.h#L132
SWITCH_CURRENT_APPLICATION_DATA_VARIABLE,current_application_data,https://github.com/signalwire/freeswitch/blob/ef32e205295e29f034f1453ad245ba5efb07b94a/src/include/switch_types.h#L133
SWITCH_CURRENT_APPLICATION_RESPONSE_VARIABLE,current_application_response,https://github.com/signalwire/freeswitch/blob/ef32e205295e29f034f1453ad245ba5efb07b94a/src/include/switch_types.h#L134
SWITCH_PASSTHRU_PTIME_MISMATCH_VARIABLE,passthru_ptime_mismatch,https://github.com/signalwire/freeswitch/blob/ef32e205295e29f034f1453ad245ba5efb07b94a/src/include/switch_types.h#L135
SWITCH_ENABLE_HEARTBEAT_EVENTS_VARIABLE,enable_heartbeat_events,https://github.com/signalwire/freeswitch/blob/ef32e205295e29f034f1453ad245ba5efb07b94a/src/include/switch_types.h#L136
SWITCH_BYPASS_MEDIA_AFTER_BRIDGE_VARIABLE,bypass_media_after_bridge,https://github.com/signalwire/freeswitch/blob/ef32e205295e29f034f1453ad245ba5efb07b94a/src/include/switch_types.h#L137
SWITCH_READ_RESULT_VARIABLE,read_result,https://github.com/signalwire/freeswitch/blob/ef32e205295e29f034f1453ad245ba5efb07b94a/src/include/switch_types.h#L138
SWITCH_ATT_XFER_RESULT_VARIABLE,att_xfer_result,https://github.com/signalwire/freeswitch/blob/ef32e205295e29f034f1453ad245ba5efb07b94a/src/include/switch_types.h#L139
SWITCH_COPY_XML_CDR_VARIABLE,copy_xml_cdr,https://github.com/signalwire/freeswitch/blob/ef32e205295e29f034f1453ad245ba5efb07b94a/src/include/switch_types.h#L140
SWITCH_COPY_JSON_CDR_VARIABLE,copy_json_cdr,https://github.com/signalwire/freeswitch/blob/ef32e205295e29f034f1453ad245ba5efb07b94a/src/include/switch_types.h#L141
SWITCH_CURRENT_APPLICATION_VARIABLE,current_application,https://github.com/signalwire/freeswitch/blob/ef32e205295e29f034f1453ad245ba5efb07b94a/src/include/switch_types.h#L142
SWITCH_PROTO_SPECIFIC_HANGUP_CAUSE_VARIABLE,proto_specific_hangup_cause,https://github.com/signalwire/freeswitch/blob/ef32e205295e29f034f1453ad245ba5efb07b94a/src/include/switch_types.h#L143
SWITCH_TRANSFER_HISTORY_VARIABLE,transfer_history,https://github.com/signalwire/freeswitch/blob/ef32e205295e29f034f1453ad245ba5efb07b94a/src/include/switch_types.h#L144
SWITCH_TRANSFER_SOURCE_VARIABLE,transfer_source,https://github.com/signalwire/freeswitch/blob/ef32e205295e29f034f1453ad245ba5efb07b94a/src/include/switch_types.h#L145
SWITCH_SENSITIVE_DTMF_VARIABLE,sensitive_dtmf,https://github.com/signalwire/freeswitch/blob/ef32e205295e29f034f1453ad245ba5efb07b94a/src/include/switch_types.h#L146
SWITCH_RECORD_POST_PROCESS_EXEC_APP_VARIABLE,record_post_process_exec_app,https://github.com/signalwire/freeswitch/blob/ef32e205295e29f034f1453ad245ba5efb07b94a/src/include/switch_types.h#L147
SWITCH_RECORD_POST_PROCESS_EXEC_API_VARIABLE,record_post_process_exec_api,https://github.com/signalwire/freeswitch/blob/ef32e205295e29f034f1453ad245ba5efb07b94a/src/include/switch_types.h#L148
SWITCH_CHANNEL_EXECUTE_ON_ANSWER_VARIABLE,execute_on_answer,https://github.com/signalwire/freeswitch/blob/ef32e205295e29f034f1453ad245ba5efb07b94a/src/include/switch_types.h#L149
SWITCH_CHANNEL_EXECUTE_ON_PRE_ANSWER_VARIABLE,execute_on_pre_answer,https://github.com/signalwire/freeswitch/blob/ef32e205295e29f034f1453ad245ba5efb07b94a/src/include/switch_types.h#L151
SWITCH_CHANNEL_EXECUTE_ON_MEDIA_VARIABLE,execute_on_media,https://github.com/signalwire/freeswitch/blob/ef32e205295e29f034f1453ad245ba5efb07b94a/src/include/switch_types.h#L152
SWITCH_CHANNEL_EXECUTE_ON_RING_VARIABLE,execute_on_ring,https://github.com/signalwire/freeswitch/blob/ef32e205295e29f034f1453ad245ba5efb07b94a/src/include/switch_types.h#L153
SWITCH_CHANNEL_EXECUTE_ON_TONE_DETECT_VARIABLE,execute_on_tone_detect,https://github.com/signalwire/freeswitch/blob/ef32e205295e29f034f1453ad245ba5efb07b94a/src/include/switch_types.h#L154
SWITCH_CHANNEL_EXECUTE_ON_ORIGINATE_VARIABLE,execute_on_originate,https://github.com/signalwire/freeswitch/blob/ef32e205295e29f034f1453ad245ba5efb07b94a/src/include/switch_types.h#L155
SWITCH_CHANNEL_EXECUTE_ON_POST_ORIGINATE_VARIABLE,execute_on_post_originate,https://github.com/signalwire/freeswitch/blob/ef32e205295e29f034f1453ad245ba5efb07b94a/src/include/switch_types.h#L156
SWITCH_CHANNEL_EXECUTE_ON_PRE_ORIGINATE_VARIABLE,execute_on_pre_originate,https://github.com/signalwire/freeswitch/blob/ef32e205295e29f034f1453ad245ba5efb07b94a/src/include/switch_types.h#L157
SWITCH_CHANNEL_EXECUTE_ON_PRE_BRIDGE_VARIABLE,execute_on_pre_bridge,https://github.com/signalwire/freeswitch/blob/ef32e205295e29f034f1453ad245ba5efb07b94a/src/include/switch_types.h#L158
SWITCH_CHANNEL_EXECUTE_ON_POST_BRIDGE_VARIABLE,execute_on_post_bridge,https://github.com/signalwire/freeswitch/blob/ef32e205295e29f034f1453ad245ba5efb07b94a/src/include/switch_types.h#L160
SWITCH_CHANNEL_API_ON_ANSWER_VARIABLE,api_on_answer,https://github.com/signalwire/freeswitch/blob/ef32e205295e29f034f1453ad245ba5efb07b94a/src/include/switch_types.h#L161
SWITCH_CHANNEL_API_ON_PRE_ANSWER_VARIABLE,api_on_pre_answer,https://github.com/signalwire/freeswitch/blob/ef32e205295e29f034f1453ad245ba5efb07b94a/src/include/switch_types.h#L163
SWITCH_CHANNEL_API_ON_MEDIA_VARIABLE,api_on_media,https://github.com/signalwire/freeswitch/blob/ef32e205295e29f034f1453ad245ba5efb07b94a/src/include/switch_types.h#L164
SWITCH_CHANNEL_API_ON_RING_VARIABLE,api_on_ring,https://github.com/signalwire/freeswitch/blob/ef32e205295e29f034f1453ad245ba5efb07b94a/src/include/switch_types.h#L165
SWITCH_CHANNEL_API_ON_TONE_DETECT_VARIABLE,api_on_tone_detect,https://github.com/signalwire/freeswitch/blob/ef32e205295e29f034f1453ad245ba5efb07b94a/src/include/switch_types.h#L166
SWITCH_CHANNEL_API_ON_ORIGINATE_VARIABLE,api_on_originate,https://github.com/signalwire/freeswitch/blob/ef32e205295e29f034f1453ad245ba5efb07b94a/src/include/switch_types.h#L167
SWITCH_CHANNEL_API_ON_POST_ORIGINATE_VARIABLE,api_on_post_originate,https://github.com/signalwire/freeswitch/blob/ef32e205295e29f034f1453ad245ba5efb07b94a/src/include/switch_types.h#L168
SWITCH_CHANNEL_API_ON_PRE_ORIGINATE_VARIABLE,api_on_pre_originate,https://github.com/signalwire/freeswitch/blob/ef32e205295e29f034f1453ad245ba5efb07b94a/src/include/switch_types.h#L169
SWITCH_CALL_TIMEOUT_VARIABLE,call_timeout,https://github.com/signalwire/freeswitch/blob/ef32e205295e29f034f1453ad245ba5efb07b94a/src/include/switch_types.h#L170
SWITCH_HOLDING_UUID_VARIABLE,holding_uuid,https://github.com/signalwire/freeswitch/blob/ef32e205295e29f034f1453ad245ba5efb07b94a/src/include/switch_types.h#L172
SWITCH_SOFT_HOLDING_UUID_VARIABLE,soft_holding_uuid,https://github.com/signalwire/freeswitch/blob/ef32e205295e29f034f1453ad245ba5efb07b94a/src/include/switch_types.h#L173
SWITCH_API_BRIDGE_END_VARIABLE,api_after_bridge,https://github.com/signalwire/freeswitch/blob/ef32e205295e29f034f1453ad245ba5efb07b94a/src/include/switch_types.h#L174
SWITCH_API_BRIDGE_START_VARIABLE,api_before_bridge,https://github.com/signalwire/freeswitch/blob/ef32e205295e29f034f1453ad245ba5efb07b94a/src/include/switch_types.h#L175
SWITCH_API_HANGUP_HOOK_VARIABLE,api_hangup_hook,https://github.com/signalwire/freeswitch/blob/ef32e205295e29f034f1453ad245ba5efb07b94a/src/include/switch_types.h#L176
SWITCH_API_REPORTING_HOOK_VARIABLE,api_reporting_hook,https://github.com/signalwire/freeswitch/blob/ef32e205295e29f034f1453ad245ba5efb07b94a/src/include/switch_types.h#L177
SWITCH_SESSION_IN_HANGUP_HOOK_VARIABLE,session_in_hangup_hook,https://github.com/signalwire/freeswitch/blob/ef32e205295e29f034f1453ad245ba5efb07b94a/src/include/switch_types.h#L178
SWITCH_PROCESS_CDR_VARIABLE,process_cdr,https://github.com/signalwire/freeswitch/blob/ef32e205295e29f034f1453ad245ba5efb07b94a/src/include/switch_types.h#L179
SWITCH_SKIP_CDR_CAUSES_VARIABLE,skip_cdr_causes,https://github.com/signalwire/freeswitch/blob/ef32e205295e29f034f1453ad245ba5efb07b94a/src/include/switch_types.h#L180
SWITCH_FORCE_PROCESS_CDR_VARIABLE,force_process_cdr,https://github.com/signalwire/freeswitch/blob/ef32e205295e29f034f1453ad245ba5efb07b94a/src/include/switch_types.h#L181
SWITCH_BRIDGE_CHANNEL_VARIABLE,bridge_channel,https://github.com/signalwire/freeswitch/blob/ef32e205295e29f034f1453ad245ba5efb07b94a/src/include/switch_types.h#L182
SWITCH_CHANNEL_NAME_VARIABLE,channel_name,https://github.com/signalwire/freeswitch/blob/ef32e205295e29f034f1453ad245ba5efb07b94a/src/include/switch_types.h#L183
SWITCH_BRIDGE_UUID_VARIABLE,bridge_uuid,https://github.com/signalwire/freeswitch/blob/ef32e205295e29f034f1453ad245ba5efb07b94a/src/include/switch_types.h#L184
SWITCH_CONTINUE_ON_FAILURE_VARIABLE,continue_on_fail,https://github.com/signalwire/freeswitch/blob/ef32e205295e29f034f1453ad245ba5efb07b94a/src/include/switch_types.h#L185
SWITCH_PLAYBACK_TERMINATORS_VARIABLE,playback_terminators,https://github.com/signalwire/freeswitch/blob/ef32e205295e29f034f1453ad245ba5efb07b94a/src/include/switch_types.h#L186
SWITCH_CACHE_SPEECH_HANDLES_VARIABLE,cache_speech_handles,https://github.com/signalwire/freeswitch/blob/ef32e205295e29f034f1453ad245ba5efb07b94a/src/include/switch_types.h#L188
SWITCH_BYPASS_MEDIA_VARIABLE,bypass_media,https://github.com/signalwire/freeswitch/blob/ef32e205295e29f034f1453ad245ba5efb07b94a/src/include/switch_types.h#L190
SWITCH_PROXY_MEDIA_VARIABLE,proxy_media,https://github.com/signalwire/freeswitch/blob/ef32e205295e29f034f1453ad245ba5efb07b94a/src/include/switch_types.h#L191
SWITCH_ENDPOINT_DISPOSITION_VARIABLE,endpoint_disposition,https://github.com/signalwire/freeswitch/blob/ef32e205295e29f034f1453ad245ba5efb07b94a/src/include/switch_types.h#L192
SWITCH_HOLD_MUSIC_VARIABLE,hold_music,https://github.com/signalwire/freeswitch/blob/ef32e205295e29f034f1453ad245ba5efb07b94a/src/include/switch_types.h#L193
SWITCH_TEMP_HOLD_MUSIC_VARIABLE,temp_hold_music,https://github.com/signalwire/freeswitch/blob/ef32e205295e29f034f1453ad245ba5efb07b94a/src/include/switch_types.h#L194
SWITCH_EXPORT_VARS_VARIABLE,export_vars,https://github.com/signalwire/freeswitch/blob/ef32e205295e29f034f1453ad245ba5efb07b94a/src/include/switch_types.h#L195
SWITCH_BRIDGE_EXPORT_VARS_VARIABLE,bridge_export_vars,https://github.com/signalwire/freeswitch/blob/ef32e205295e29f034f1453ad245ba5efb07b94a/src/include/switch_types.h#L196
SWITCH_R_SDP_VARIABLE,switch_r_sdp,https://github.com/signalwire/freeswitch/blob/ef32e205295e29f034f1453ad245ba5efb07b94a/src/include/switch_types.h#L197
SWITCH_L_SDP_VARIABLE,switch_l_sdp,https://github.com/signalwire/freeswitch/blob/ef32e205295e29f034f1453ad245ba5efb07b94a/src/include/switch_types.h#L198
SWITCH_B_SDP_VARIABLE,switch_m_sdp,https://github.com/signalwire/freeswitch/blob/ef32e205295e29f034f1453ad245ba5efb07b94a/src/include/switch_types.h#L199
SWITCH_BRIDGE_VARIABLE,bridge_to,https://github.com/signalwire/freeswitch/blob/ef32e205295e29f034f1453ad245ba5efb07b94a/src/include/switch_types.h#L200
SWITCH_LAST_BRIDGE_VARIABLE,last_bridge_to,https://github.com/signalwire/freeswitch/blob/ef32e205295e29f034f1453ad245ba5efb07b94a/src/include/switch_types.h#L201
SWITCH_SIGNAL_BRIDGE_VARIABLE,signal_bridge_to,https://github.com/signalwire/freeswitch/blob/ef32e205295e29f034f1453ad245ba5efb07b94a/src/include/switch_types.h#L202
SWITCH_SIGNAL_BOND_VARIABLE,signal_bond,https://github.com/signalwire/freeswitch/blob/ef32e205295e29f034f1453ad245ba5efb07b94a/src/include/switch_types.h#L203
SWITCH_ORIGINATE_SIGNAL_BOND_VARIABLE,originate_signal_bond,https://github.com/signalwire/freeswitch/blob/ef32e205295e29f034f1453ad245ba5efb07b94a/src/include/switch_types.h#L204
SWITCH_ORIGINATOR_VARIABLE,originator,https://github.com/signalwire/freeswitch/blob/ef32e205295e29f034f1453ad245ba5efb07b94a/src/include/switch_types.h#L205
SWITCH_ORIGINATOR_CODEC_VARIABLE,originator_codec,https://github.com/signalwire/freeswitch/blob/ef32e205295e29f034f1453ad245ba5efb07b94a/src/include/switch_types.h#L206
SWITCH_ORIGINATOR_VIDEO_CODEC_VARIABLE,originator_video_codec,https://github.com/signalwire/freeswitch/blob/ef32e205295e29f034f1453ad245ba5efb07b94a/src/include/switch_types.h#L207
SWITCH_LOCAL_MEDIA_IP_VARIABLE,local_media_ip,https://github.com/signalwire/freeswitch/blob/ef32e205295e29f034f1453ad245ba5efb07b94a/src/include/switch_types.h#L208
SWITCH_LOCAL_MEDIA_PORT_VARIABLE,local_media_port,https://github.com/signalwire/freeswitch/blob/ef32e205295e29f034f1453ad245ba5efb07b94a/src/include/switch_types.h#L209
SWITCH_ADVERTISED_MEDIA_IP_VARIABLE,advertised_media_ip,https://github.com/signalwire/freeswitch/blob/ef32e205295e29f034f1453ad245ba5efb07b94a/src/include/switch_types.h#L210
SWITCH_REMOTE_MEDIA_IP_VARIABLE,remote_media_ip,https://github.com/signalwire/freeswitch/blob/ef32e205295e29f034f1453ad245ba5efb07b94a/src/include/switch_types.h#L211
SWITCH_REMOTE_MEDIA_PORT_VARIABLE,remote_media_port,https://github.com/signalwire/freeswitch/blob/ef32e205295e29f034f1453ad245ba5efb07b94a/src/include/switch_types.h#L212
SWITCH_REMOTE_VIDEO_IP_VARIABLE,remote_video_ip,https://github.com/signalwire/freeswitch/blob/ef32e205295e29f034f1453ad245ba5efb07b94a/src/include/switch_types.h#L213
SWITCH_REMOTE_VIDEO_PORT_VARIABLE,remote_video_port,https://github.com/signalwire/freeswitch/blob/ef32e205295e29f034f1453ad245ba5efb07b94a/src/include/switch_types.h#L214
SWITCH_LOCAL_VIDEO_IP_VARIABLE,local_video_ip,https://github.com/signalwire/freeswitch/blob/ef32e205295e29f034f1453ad245ba5efb07b94a/src/include/switch_types.h#L215
SWITCH_LOCAL_VIDEO_PORT_VARIABLE,local_video_port,https://github.com/signalwire/freeswitch/blob/ef32e205295e29f034f1453ad245ba5efb07b94a/src/include/switch_types.h#L216
SWITCH_LOCAL_TEXT_IP_VARIABLE,local_text_ip,https://github.com/signalwire/freeswitch/blob/ef32e205295e29f034f1453ad245ba5efb07b94a/src/include/switch_types.h#L217
SWITCH_LOCAL_TEXT_PORT_VARIABLE,local_text_port,https://github.com/signalwire/freeswitch/blob/ef32e205295e29f034f1453ad245ba5efb07b94a/src/include/switch_types.h#L218
SWITCH_HANGUP_AFTER_BRIDGE_VARIABLE,hangup_after_bridge,https://github.com/signalwire/freeswitch/blob/ef32e205295e29f034f1453ad245ba5efb07b94a/src/include/switch_types.h#L219
SWITCH_PARK_AFTER_BRIDGE_VARIABLE,park_after_bridge,https://github.com/signalwire/freeswitch/blob/ef32e205295e29f034f1453ad245ba5efb07b94a/src/include/switch_types.h#L220
SWITCH_PARK_AFTER_EARLY_BRIDGE_VARIABLE,park_after_early_bridge,https://github.com/signalwire/freeswitch/blob/ef32e205295e29f034f1453ad245ba5efb07b94a/src/include/switch_types.h#L221
SWITCH_TRANSFER_AFTER_BRIDGE_VARIABLE,transfer_after_bridge,https://github.com/signalwire/freeswitch/blob/ef32e205295e29f034f1453ad245ba5efb07b94a/src/include/switch_types.h#L222
SWITCH_TRANSFER_AFTER_EARLY_BRIDGE_VARIABLE,transfer_after_early_bridge,https://github.com/signalwire/freeswitch/blob/ef32e205295e29f034f1453ad245ba5efb07b94a/src/include/switch_types.h#L223
SWITCH_EXEC_AFTER_BRIDGE_APP_VARIABLE,exec_after_bridge_app,https://github.com/signalwire/freeswitch/blob/ef32e205295e29f034f1453ad245ba5efb07b94a/src/include/switch_types.h#L224
SWITCH_EXEC_AFTER_BRIDGE_ARG_VARIABLE,exec_after_bridge_arg,https://github.com/signalwire/freeswitch/blob/ef32e205295e29f034f1453ad245ba5efb07b94a/src/include/switch_types.h#L225
SWITCH_MAX_FORWARDS_VARIABLE,max_forwards,https://github.com/signalwire/freeswitch/blob/ef32e205295e29f034f1453ad245ba5efb07b94a/src/include/switch_types.h#L226
SWITCH_RFC7989_SESSION_ID_VARIABLE,session_uuid,https://github.com/signalwire/freeswitch/blob/ef32e205295e29f034f1453ad245ba5efb07b94a/src/include/switch_types.h#L227
SWITCH_RFC7989_REMOTE_SESSION_ID_VARIABLE,remote_session_uuid,https://github.com/signalwire/freeswitch/blob/ef32e205295e29f034f1453ad245ba5efb07b94a/src/include/switch_types.h#L228
SWITCH_RFC7989_APP_SESSION_ID_VARIABLE,app_session_uuid,https://github.com/signalwire/freeswitch/blob/ef32e205295e29f034f1453ad245ba5efb07b94a/src/include/switch_types.h#L229
SWITCH_RFC7989_GENERIC_PARAM_VARIABLE,generic_param_session_uuid,https://github.com/signalwire/freeswitch/blob/ef32e205295e29f034f1453ad245ba5efb07b94a/src/include/switch_types.h#L230
SWITCH_MAX_SESSION_TRANSFERS_VARIABLE,max_session_transfers,https://github.com/signalwire/freeswitch/blob/ef32e205295e29f034f1453ad245ba5efb07b94a/src/include/switch_types.h#L231
SWITCH_DISABLE_APP_LOG_VARIABLE,disable_app_log,https://github.com/signalwire/freeswitch/blob/ef32e205295e29f034f1453ad245ba5efb07b94a/src/include/switch_types.h#L232
